1|1|https://cf.bstatic.com/xdata/images/hotel/max1280x900/332002213.jpg?k=37d34e552827a2e9a4f3856c825b754a59ee838b6a4f87fab4d1786407d71c35&o=&hp=1
2|1|https://cf.bstatic.com/xdata/images/hotel/max1280x900/332000904.jpg?k=6e72b3f1bb101e13bfaa97b2dd92d65dd5c95621b8d4dc301a5a92f7d73f0e28&o=&hp=1
3|2|https://cf.bstatic.com/xdata/images/hotel/max1280x900/271502309.jpg?k=9613a58db12918174ae2df3481bdeee273c2a660f1aa65e8da5351ef9cca654b&o=&hp=1
4|2|https://cf.bstatic.com/xdata/images/hotel/max1280x900/149428223.jpg?k=8c37cfe3e61f851fd13aabb58b29d901f4ff4d77d22711179c4f304936f11e02&o=&hp=1
5|3|https://macleans.ca/wp-content/uploads/2022/06/1.jpg
6|4|https://st.hzcdn.com/simgs/pictures/exteriors/lawless-rereat-searl-lamaster-howe-architects-img~10813d490e6aeb3b_4-9270-1-2da1675.jpg
7|6|https://exej2saedb8.exactdn.com/wp-content/uploads/2022/02/Screen-Shot-2022-02-04-at-2.28.40-PM.png?strip=all&lossy=1&ssl=1
8|5|https://thumbs.cityrealty.com/assets/smart/736x/webp/1/16/1655f4e3904fb79cb987ab7755d2b3f4b8f37f88/1-city-point.jpg
9|5|https://f1a3d4fea3a9a877e732-356deb4d9644d2835b7712e712dbd1ea.ssl.cf2.rackcdn.com/483743/slide_8312844.v.3853f659d35ff45bda3259080c526862.jpg
10|5|https://www.udr.com/globalassets/markets/los-angeles/losangeles_1900x874_3033wilshire_model_2016_b2g-ph_unit1702_liv2_jimb.jpg
13|4|https://leisurepoolsusa.com/wp-content/uploads/2020/06/best-type-of-swimming-pool-for-my-home_2.jpg
14|7|https://img.staticmb.com/mbcontent//images/uploads/2022/12/Most-Beautiful-House-in-the-World.jpg
15|8|https://s3-us-west-2.amazonaws.com/cornerstone303-production/WP%20Media%20Folder%20-%20cornerstone-apartments/wp-content/uploads/DSC5404-1_edit-1-484x314.jpg
16|9|https://cdn.luxe.digital/media/20230123162705/most-expensive-houses-in-the-world-reviews-luxe-digital.jpg
17|10|https://images.photowall.com/products/57156/april-cottage.jpg?h=699&q=85
18|10|https://www.thespruce.com/thmb/oQcMxeH9um2YzRHTwbRmtfobAuA=/1500x0/filters:no_upscale():max_bytes(150000):strip_icc()/Stocksy_txp00265ee4CTc200_Medium_2759032-46bb8558b730445388938ff69b515ae6.jpg
19|10|/Resources/Images/prague.jpg
20|11|https://www.ekapija.com/thumbs/premier_aqua__240522_tw1024.jpg
21|12|C:\Users\aleks\Desktop\SIMSAfterInterfaces\booking\Booking\Booking\Resources\Images\AccommodationPhotos\388690525.jpg
22|12|C:\Users\aleks\Desktop\SIMSAfterInterfaces\booking\Booking\Booking\Resources\Images\AccommodationPhotos\388690584.jpg
23|13|C:\Users\aleks\Desktop\SIMSAfterInterfaces\booking\Booking\Booking\Resources\Images\AccommodationPhotos\464047287.jpg
